gate,run_label,caveat_type,fold_name,target_id,requested_group_id,disposition,reason,reviewer,decision_date,note
target_fragility,target_fragility,excluded_target,,aadr-central-europe-steppe-germany-dingolfinglandau-bellbeaker,Germany_DingolfingLandau_BellBeaker,accepted_caveat,Accepted only as an exclusion from promotion evidence; the pre-specified fragility screen found high uncertainty and repeated target-level estimates while the tracked target decision retains this row for exploratory comparison only,Codex-assisted review,2026-07-15,Evidence: target-fragility-gate.md and structural-smc-disagreement-target-audit.md
target_fragility,target_fragility,excluded_target,,aadr-britain-steppe-england-bellbeaker-o,England_BellBeaker-o,accepted_caveat,Accepted only as an exclusion from promotion evidence; the pre-specified fragility screen found high uncertainty and repeated target-level estimates while the tracked target decision retains this row for exploratory comparison only,Codex-assisted review,2026-07-15,Evidence: target-fragility-gate.md and structural-smc-disagreement-target-audit.md
target_fragility,target_fragility,excluded_target,,aadr-central-europe-steppe-czechia-eba-cordedware-2,Czechia_EBA_CordedWare-2,accepted_caveat,Accepted only as an exclusion from promotion evidence; the pre-specified fragility screen found high uncertainty and repeated target-level estimates while the tracked target decision retains this row for exploratory comparison only,Codex-assisted review,2026-07-15,Evidence: target-fragility-gate.md and structural-smc-disagreement-target-audit.md
target_fragility,target_fragility,excluded_target,,aadr-central-europe-steppe-germany-weichering-bellbeaker,Germany_Weichering_BellBeaker,accepted_caveat,Accepted only as an exclusion from promotion evidence; the pre-specified fragility screen found high uncertainty and repeated target-level estimates while the tracked target decision retains this row for exploratory comparison only,Codex-assisted review,2026-07-15,Evidence: target-fragility-gate.md and structural-smc-disagreement-target-audit.md
target_fragility,target_fragility,excluded_target,,aadr-britain-steppe-england-bellbeaker,England_BellBeaker,accepted_caveat,Accepted only as an exclusion from promotion evidence; one AADR sample is CRITICAL and the group shares one repeated target-level estimate while the tracked target decision remains exploratory,Codex-assisted review,2026-07-15,Evidence: target-fragility-gate.md and structural-smc-disagreement-target-audit.md
target_fragility,target_fragility,excluded_target,,aadr-britain-steppe-scotland-bellbeaker,Scotland_BellBeaker,accepted_caveat,Accepted only as an exclusion from promotion evidence; the pre-specified fragility screen found high uncertainty and repeated target-level estimates while the tracked target decision retains this row for exploratory comparison only,Codex-assisted review,2026-07-15,Evidence: target-fragility-gate.md and structural-smc-disagreement-target-audit.md
fit_metric,root_mean_squared_error,preference_disagreement,central_europe__czechia_bellbeaker_osteppe,,,accepted_caveat,Holdout preference is stable across both fit metrics but uncertainty weighting reduces the target evidence to a tie; retain the calibration-holdout disagreement only as weak non-promotional diagnostic evidence,Codex-assisted review,2026-07-15,Evidence: fit-metric-sensitivity.md and metric uncertainty reports
fit_metric,root_mean_squared_error,preference_disagreement,central_europe__poland_cordedware_1,,,accepted_caveat,Holdout preference is stable across both fit metrics but uncertainty weighting reduces the target evidence to a tie; retain the calibration-holdout disagreement only as weak non-promotional diagnostic evidence,Codex-assisted review,2026-07-15,Evidence: fit-metric-sensitivity.md and metric uncertainty reports
fit_metric,root_mean_squared_error,uncertainty_tie,central_europe__czechia_bellbeaker_osteppe,aadr-central-europe-steppe-czechia-bellbeaker-osteppe,Czechia_BellBeaker-oSteppe,accepted_caveat,Absolute chi-square delta is below the material threshold of 1 under this metric; raw residual preference is not treated as structural evidence,Codex-assisted review,2026-07-15,Evidence: fit metric uncertainty report
fit_metric,root_mean_squared_error,uncertainty_tie,central_europe__poland_cordedware_1,aadr-central-europe-steppe-poland-cordedware-1,Poland_CordedWare-1,accepted_caveat,Absolute chi-square delta is below the material threshold of 1 under this metric; raw residual preference is not treated as structural evidence,Codex-assisted review,2026-07-15,Evidence: fit metric uncertainty report
fit_metric,chi_square,preference_disagreement,central_europe__czechia_bellbeaker_osteppe,,,accepted_caveat,Holdout preference is stable across both fit metrics but uncertainty weighting reduces the target evidence to a tie; retain the calibration-holdout disagreement only as weak non-promotional diagnostic evidence,Codex-assisted review,2026-07-15,Evidence: fit-metric-sensitivity.md and metric uncertainty reports
fit_metric,chi_square,preference_disagreement,central_europe__poland_cordedware_1,,,accepted_caveat,Holdout preference is stable across both fit metrics but uncertainty weighting reduces the target evidence to a tie; retain the calibration-holdout disagreement only as weak non-promotional diagnostic evidence,Codex-assisted review,2026-07-15,Evidence: fit-metric-sensitivity.md and metric uncertainty reports
fit_metric,chi_square,uncertainty_tie,central_europe__czechia_bellbeaker_osteppe,aadr-central-europe-steppe-czechia-bellbeaker-osteppe,Czechia_BellBeaker-oSteppe,accepted_caveat,Absolute chi-square delta is below the material threshold of 1 under this metric; raw residual preference is not treated as structural evidence,Codex-assisted review,2026-07-15,Evidence: fit metric uncertainty report
fit_metric,chi_square,uncertainty_tie,central_europe__poland_cordedware_1,aadr-central-europe-steppe-poland-cordedware-1,Poland_CordedWare-1,accepted_caveat,Absolute chi-square delta is below the material threshold of 1 under this metric; raw residual preference is not treated as structural evidence,Codex-assisted review,2026-07-15,Evidence: fit metric uncertainty report
source_model,baseline,preference_disagreement,central_europe__germany_tiefbrunn_cordedware_1,,,accepted_caveat,The disagreement is identical across baseline and accepted source surfaces and uncertainty-weighted holdout evidence favors the child candidate; retain only as local-fit evidence rather than general demographic proof,Codex-assisted review,2026-07-15,Evidence: source-model-sensitivity.md and source-model uncertainty reports
source_model,baseline,preference_disagreement,central_europe__czechia_bellbeaker_osteppe,,,accepted_caveat,The disagreement is identical across baseline and accepted source surfaces but uncertainty weighting leaves the held-out evidence tied; retain only as weak non-promotional diagnostic evidence,Codex-assisted review,2026-07-15,Evidence: source-model-sensitivity.md and source-model uncertainty reports
source_model,baseline,preference_disagreement,central_europe__poland_cordedware_1,,,accepted_caveat,The disagreement is identical across baseline and accepted source surfaces but uncertainty weighting leaves the held-out evidence tied; retain only as weak non-promotional diagnostic evidence,Codex-assisted review,2026-07-15,Evidence: source-model-sensitivity.md and source-model uncertainty reports
source_model,baseline,preference_disagreement,early_steppe_transition_3000_2500_bce,,,accepted_caveat,The disagreement is identical across baseline and accepted source surfaces and uncertainty-weighted holdout evidence favors the child candidate; retain only as local-fit evidence rather than general demographic proof,Codex-assisted review,2026-07-15,Evidence: source-model-sensitivity.md and source-model uncertainty reports
source_model,baseline,preference_disagreement,middle_beaker_transition_2500_2300_bce,,,accepted_caveat,The disagreement is identical across baseline and accepted source surfaces but uncertainty weighting leaves the held-out evidence tied; retain only as weak non-promotional diagnostic evidence,Codex-assisted review,2026-07-15,Evidence: source-model-sensitivity.md and source-model uncertainty reports
source_model,baseline,uncertainty_tie,central_europe__czechia_bellbeaker_osteppe,aadr-central-europe-steppe-czechia-bellbeaker-osteppe,Czechia_BellBeaker-oSteppe,accepted_caveat,Absolute chi-square delta is below the material threshold of 1 and the same tie appears on both source surfaces; raw preference is not treated as structural evidence,Codex-assisted review,2026-07-15,Evidence: baseline and accepted source-model uncertainty reports
source_model,baseline,uncertainty_tie,central_europe__poland_cordedware_1,aadr-central-europe-steppe-poland-cordedware-1,Poland_CordedWare-1,accepted_caveat,Absolute chi-square delta is below the material threshold of 1 and the same tie appears on both source surfaces; raw preference is not treated as structural evidence,Codex-assisted review,2026-07-15,Evidence: baseline and accepted source-model uncertainty reports
source_model,baseline,uncertainty_tie,early_steppe_transition_3000_2500_bce,aadr-central-europe-steppe-poland-cordedware-3,Poland_CordedWare-3,accepted_caveat,Absolute chi-square delta is below the material threshold of 1 and the same tie appears on both source surfaces; raw preference is not treated as structural evidence,Codex-assisted review,2026-07-15,Evidence: baseline and accepted source-model uncertainty reports
source_model,baseline,uncertainty_tie,middle_beaker_transition_2500_2300_bce,aadr-central-europe-steppe-czechia-bellbeaker-osteppe,Czechia_BellBeaker-oSteppe,accepted_caveat,Absolute chi-square delta is below the material threshold of 1 and the same tie appears on both source surfaces; raw preference is not treated as structural evidence,Codex-assisted review,2026-07-15,Evidence: baseline and accepted source-model uncertainty reports
source_model,baseline,uncertainty_tie,middle_beaker_transition_2500_2300_bce,aadr-central-europe-steppe-germany-augsburghugoeckenerstrasse-bellbeaker-oeef,Germany_AugsburgHugoEckenerStrasse_BellBeaker-oEEF,accepted_caveat,Absolute chi-square delta is below the material threshold of 1 and the same tie appears on both source surfaces; raw preference is not treated as structural evidence,Codex-assisted review,2026-07-15,Evidence: baseline and accepted source-model uncertainty reports
source_model,baseline,uncertainty_tie,middle_beaker_transition_2500_2300_bce,aadr-central-europe-steppe-germany-haunstettenunterertalweg851-bellbeaker,Germany_HaunstettenUntererTalweg851_BellBeaker,accepted_caveat,Absolute chi-square delta is below the material threshold of 1 and the same tie appears on both source surfaces; raw preference is not treated as structural evidence,Codex-assisted review,2026-07-15,Evidence: baseline and accepted source-model uncertainty reports
source_model,baseline,uncertainty_tie,middle_beaker_transition_2500_2300_bce,aadr-central-europe-steppe-poland-cordedware-1,Poland_CordedWare-1,accepted_caveat,Absolute chi-square delta is below the material threshold of 1 and the same tie appears on both source surfaces; raw preference is not treated as structural evidence,Codex-assisted review,2026-07-15,Evidence: baseline and accepted source-model uncertainty reports
source_model,baseline,missing_override_regions,,,,not_applicable,Manching is present only on the accepted target surface and is intentionally removed by common-target alignment; filtering its child override is an expected comparison-design loss,Codex-assisted review,2026-07-15,Evidence: baseline and accepted target observations plus prepared source-model targets
source_model,baseline,skipped_folds,,,,not_applicable,Britain and the late 2300-1900 BCE window have no holdout observations on the six-target common fragility-filtered surface; skipping those folds is expected by design,Codex-assisted review,2026-07-15,Evidence: prepared source-model targets and source-model validation reports
source_model,accepted,preference_disagreement,central_europe__germany_tiefbrunn_cordedware_1,,,accepted_caveat,The disagreement is identical across baseline and accepted source surfaces and uncertainty-weighted holdout evidence favors the child candidate; retain only as local-fit evidence rather than general demographic proof,Codex-assisted review,2026-07-15,Evidence: source-model-sensitivity.md and source-model uncertainty reports
source_model,accepted,preference_disagreement,central_europe__czechia_bellbeaker_osteppe,,,accepted_caveat,The disagreement is identical across baseline and accepted source surfaces but uncertainty weighting leaves the held-out evidence tied; retain only as weak non-promotional diagnostic evidence,Codex-assisted review,2026-07-15,Evidence: source-model-sensitivity.md and source-model uncertainty reports
source_model,accepted,preference_disagreement,central_europe__poland_cordedware_1,,,accepted_caveat,The disagreement is identical across baseline and accepted source surfaces but uncertainty weighting leaves the held-out evidence tied; retain only as weak non-promotional diagnostic evidence,Codex-assisted review,2026-07-15,Evidence: source-model-sensitivity.md and source-model uncertainty reports
source_model,accepted,preference_disagreement,early_steppe_transition_3000_2500_bce,,,accepted_caveat,The disagreement is identical across baseline and accepted source surfaces and uncertainty-weighted holdout evidence favors the child candidate; retain only as local-fit evidence rather than general demographic proof,Codex-assisted review,2026-07-15,Evidence: source-model-sensitivity.md and source-model uncertainty reports
source_model,accepted,preference_disagreement,middle_beaker_transition_2500_2300_bce,,,accepted_caveat,The disagreement is identical across baseline and accepted source surfaces but uncertainty weighting leaves the held-out evidence tied; retain only as weak non-promotional diagnostic evidence,Codex-assisted review,2026-07-15,Evidence: source-model-sensitivity.md and source-model uncertainty reports
source_model,accepted,uncertainty_tie,central_europe__czechia_bellbeaker_osteppe,aadr-central-europe-steppe-czechia-bellbeaker-osteppe,Czechia_BellBeaker-oSteppe,accepted_caveat,Absolute chi-square delta is below the material threshold of 1 and the same tie appears on both source surfaces; raw preference is not treated as structural evidence,Codex-assisted review,2026-07-15,Evidence: baseline and accepted source-model uncertainty reports
source_model,accepted,uncertainty_tie,central_europe__poland_cordedware_1,aadr-central-europe-steppe-poland-cordedware-1,Poland_CordedWare-1,accepted_caveat,Absolute chi-square delta is below the material threshold of 1 and the same tie appears on both source surfaces; raw preference is not treated as structural evidence,Codex-assisted review,2026-07-15,Evidence: baseline and accepted source-model uncertainty reports
source_model,accepted,uncertainty_tie,early_steppe_transition_3000_2500_bce,aadr-central-europe-steppe-poland-cordedware-3,Poland_CordedWare-3,accepted_caveat,Absolute chi-square delta is below the material threshold of 1 and the same tie appears on both source surfaces; raw preference is not treated as structural evidence,Codex-assisted review,2026-07-15,Evidence: baseline and accepted source-model uncertainty reports
source_model,accepted,uncertainty_tie,middle_beaker_transition_2500_2300_bce,aadr-central-europe-steppe-czechia-bellbeaker-osteppe,Czechia_BellBeaker-oSteppe,accepted_caveat,Absolute chi-square delta is below the material threshold of 1 and the same tie appears on both source surfaces; raw preference is not treated as structural evidence,Codex-assisted review,2026-07-15,Evidence: baseline and accepted source-model uncertainty reports
source_model,accepted,uncertainty_tie,middle_beaker_transition_2500_2300_bce,aadr-central-europe-steppe-germany-augsburghugoeckenerstrasse-bellbeaker-oeef,Germany_AugsburgHugoEckenerStrasse_BellBeaker-oEEF,accepted_caveat,Absolute chi-square delta is below the material threshold of 1 and the same tie appears on both source surfaces; raw preference is not treated as structural evidence,Codex-assisted review,2026-07-15,Evidence: baseline and accepted source-model uncertainty reports
source_model,accepted,uncertainty_tie,middle_beaker_transition_2500_2300_bce,aadr-central-europe-steppe-germany-haunstettenunterertalweg851-bellbeaker,Germany_HaunstettenUntererTalweg851_BellBeaker,accepted_caveat,Absolute chi-square delta is below the material threshold of 1 and the same tie appears on both source surfaces; raw preference is not treated as structural evidence,Codex-assisted review,2026-07-15,Evidence: baseline and accepted source-model uncertainty reports
source_model,accepted,uncertainty_tie,middle_beaker_transition_2500_2300_bce,aadr-central-europe-steppe-poland-cordedware-1,Poland_CordedWare-1,accepted_caveat,Absolute chi-square delta is below the material threshold of 1 and the same tie appears on both source surfaces; raw preference is not treated as structural evidence,Codex-assisted review,2026-07-15,Evidence: baseline and accepted source-model uncertainty reports
source_model,accepted,missing_override_regions,,,,not_applicable,Manching is present only on the accepted target surface and is intentionally removed by common-target alignment; filtering its child override is an expected comparison-design loss,Codex-assisted review,2026-07-15,Evidence: baseline and accepted target observations plus prepared source-model targets
source_model,accepted,skipped_folds,,,,not_applicable,Britain and the late 2300-1900 BCE window have no holdout observations on the six-target common fragility-filtered surface; skipping those folds is expected by design,Codex-assisted review,2026-07-15,Evidence: prepared source-model targets and source-model validation reports
